Contact Number,Pincode
(257) 563-7401,96522
(372) 587-2335,20620
(786) 713-8616,11523
(793) 151-6230,39531
(492) 709-6392,47096
(654) 393-5734,10855
(404) 960-3807,8219
(314) 244-6306,12482
(947) 278-5929,67708
(684) 579-1879,98804
(389) 737-2852,69409
(660) 663-4518,24975
(608) 265-2215,38100
(959) 119-8364,45149
(468) 353-2641,49854
(248) 675-4007,19253
(939) 353-1107,2913
(570) 873-7090,9289
(302) 259-2375,93373
(717) 450-4729,20783
(453) 391-4650,90255
(559) 104-5475,37547
(387) 142-9434,48432
(516) 745-4496,58563
(326) 677-3419,93479
(746) 679-2470,30309
(455) 430-0989,51324
(490) 936-4694,92358
(985) 834-8285,19759
(662) 661-1446,55797
(802) 668-8240,37232
(477) 768-9247,50654
(791) 239-9057,31626
(832) 109-0213,43526
(837) 196-3274,95302
(268) 442-2428,29738
(850) 676-5117,54886
(861) 546-5032,77373
(176) 805-4108,11292
(715) 912-6931,73585
(993) 554-0563,87535
(357) 616-5411,77382
(121) 347-0086,35282
(304) 506-6314,82776
(425) 288-2332,92508
(145) 987-4962,85794
(187) 582-9707,19408
(750) 558-3965,8609
(492) 467-3131,31522
(774) 914-2510,58521
(888) 106-8550,81202
(539) 567-3573,10626
(693) 337-2849,58520
(545) 604-9386,57692
(221) 156-5026,4645
(414) 876-0865,26278
(932) 726-8645,69679
(726) 710-9826,3869
(622) 594-1662,55246
(948) 600-8503,87323
(605) 900-7508,84872
(716) 977-5775,41329
(368) 239-8275,30135
(725) 342-0650,99602
(711) 993-5187,91750
(882) 399-5084,76865
(287) 755-9948,73490
(659) 551-3389,63725
(275) 730-6868,96892
(725) 757-4047,22767
(314) 882-1496,77987
(639) 360-7590,43841
(168) 222-1592,40684
(896) 303-1164,3828
(203) 982-6130,50710
(906) 217-1470,66309
(614) 514-1269,67973
(763) 409-5446,71983
(836) 292-5324,79637
(926) 709-3295,6963
(963) 356-9268,7367
(736) 522-8584,68999
(410) 483-0352,73510
(252) 204-1434,53700
(874) 886-4174,48247
(581) 379-7573,12657
(983) 632-8597,56618
(295) 983-3476,28423
(873) 392-8802,97020
(360) 669-3923,93490
(840) 987-9449,62401
(422) 517-6053,5182
(126) 940-2753,87065
(427) 930-5255,92611
(689) 721-5145,88317
(676) 334-2174,36734
(437) 994-5270,70863
(564) 908-6970,19587
(577) 333-6244,7528
(655) 840-6139,48580
